p_val,avg_log2FC,pct.1,pct.2,p_val_adj,cluster,gene,
0,3.523862336,0.763,0.118,0,0,B830017H08Rik,Calb2+ Olfactory Sensory Neurons
0,3.434778726,0.635,0.064,0,0,Calb2,
0,3.33613678,0.423,0.049,0,0,Kirrel3,
0,3.086585042,0.532,0.14,0,0,Nqo1,
0,3.052252382,0.422,0.06,0,0,Rims3,
0,2.184781426,0.772,0.184,0,1,A730046J19Rik,Olfactory Sensory Neurons
0,2.177881543,0.913,0.241,0,1,Gramd1c,
0,2.164698375,0.808,0.204,0,1,Ano2,
0,2.155043009,0.374,0.084,0,1,Scgn,
0,2.131332298,0.8,0.196,0,1,Slc1a2,
0,6.532597013,0.353,0.005,0,2,Acaa1b,Resting Basal Cells
0,6.142848249,0.518,0.009,0,2,Serpinb5,
0,5.784872351,0.852,0.033,0,2,Krt15,
0,4.933433075,0.681,0.028,0,2,Anxa8,
0,4.900243072,0.603,0.019,0,2,Defb1,
0,5.017585623,0.986,0.04,0,3,C1qa,Fcrls+Trem2+ Macrophages
0,4.979017649,0.986,0.042,0,3,C1qb,
0,4.875710632,0.893,0.034,0,3,Ms4a7,
0,4.853969064,0.98,0.038,0,3,C1qc,
0,4.732057975,0.569,0.03,0,3,Slamf9,
0,2.132831597,0.757,0.181,0,4,5730403I07Rik,Dlg2+ Olfactory Sensory Neurons
0,2.103297994,0.323,0.072,0,4,Kcnmb3,
0,1.98699983,0.326,0.079,0,4,Lrrc3b,
0,1.980297361,0.766,0.178,0,4,Kirrel2,
0,1.968620506,0.493,0.125,0,4,Chgb,
0,2.877264562,0.277,0.04,0,5,Hectd2os,Dlg2+ Olfactory Sensory Neurons
0,2.639752212,1,0.492,0,5,S100a5,
0,2.633555034,0.409,0.07,0,5,Kcnmb3,
0,2.544454242,0.418,0.076,0,5,Lrrc3b,
0,2.520579854,0.317,0.057,0,5,Rgs7,
0,7.968744295,0.438,0.003,0,6,Fcer2a,B Cells
0,7.592142841,0.703,0.009,0,6,Ighd,
0,6.738474168,0.624,0.009,0,6,Fcmr,
0,6.075723924,0.572,0.016,0,6,Bank1,
0,5.82158572,0.535,0.018,0,6,H2-Ob,
0,9.358777283,0.254,0.001,0,7,Ncr1,Gzma++Cma1+ Natural Killer Cells
0,9.186476476,0.31,0.001,0,7,Prf1,
0,9.182214935,0.284,0.001,0,7,Klrb1c,
0,8.888762091,0.336,0.001,0,7,Xcl1,
0,8.852975596,0.341,0.004,0,7,Gzma,
0,11.12181251,0.463,0.001,0,8,Gpihbp1,Fabp4+ Capillary Cells
0,9.941329588,0.331,0.001,0,8,Rbp7,
0,9.039420322,0.838,0.006,0,8,Emcn,
0,8.941132827,0.269,0.002,0,8,Btnl9,
0,8.366294595,0.31,0.002,0,8,Exoc3l2,
0,7.200004181,0.489,0.008,0,9,Ifi205,IFN-Stim Monocytes
0,6.276695996,0.287,0.006,0,9,Cd209a,
0,5.624233561,0.402,0.011,0,9,Phf11a,
0,5.470960845,0.307,0.008,0,9,Cxcl9,
0,5.227285611,0.71,0.055,0,9,Ms4a4c,
0,6.755834313,0.909,0.043,0,10,Gap43,Differentiating Olfactory Sensory Neurons
0,5.683071105,0.573,0.016,0,10,Stk32a,
0,5.154397528,0.585,0.027,0,10,Ly6h,
0,5.101728471,0.348,0.011,0,10,Prph,
0,4.989254299,0.58,0.028,0,10,Insm1,
0,6.447899736,0.354,0.006,0,11,Adgre4,Non-Classical Monocytes
0,5.965441408,0.262,0.006,0,11,Treml4,
0,5.75840727,0.339,0.011,0,11,Ear2,
0,5.635444658,0.598,0.019,0,11,F13a1,
0,5.544401321,0.321,0.007,0,11,F10,
0,9.384216604,0.284,0.001,0,12,Dpep1,Fibroblasts
0,9.313243667,0.805,0.021,0,12,Apod,
0,9.268653012,0.55,0.003,0,12,Ecrg4,
0,9.203731739,0.298,0.001,0,12,Dpt,
0,9.040310822,0.273,0.001,0,12,Hhip,
0,4.502166387,0.863,0.148,0,13,Dlg2,Dlg2+ Olfactory Sensory Neurons
0,4.225036477,1,0.501,0,13,S100a5,
0,4.207209529,0.256,0.016,0,13,S100a3,
0,3.638991479,1,0.355,0,13,Pcp4l1,
0,3.502316243,0.301,0.036,0,13,Nphs1,
0,8.070078324,0.335,0.001,0,14,Car10,Igfbp2+Nrcam+ Basal Cells
0,7.379441417,0.653,0.006,0,14,Abca4,
0,7.257115198,0.796,0.013,0,14,Nrcam,
0,6.225812943,0.636,0.012,0,14,Vit,
0,6.151786135,0.526,0.01,0,14,Slc47a1,
0,8.066168669,0.301,0.002,0,15,Siglecf,Mature Neutrophils
0,6.145517661,0.696,0.025,0,15,Il1r2,
0,6.121975924,0.762,0.018,0,15,Cxcr2,
0,5.834660171,0.741,0.039,0,15,Csf3r,
0,5.807999,0.319,0.016,0,15,Acod1,
0,6.73960812,0.93,0.02,0,16,Fcrls,Fcrls+Trem2+ Macrophages
0,5.57792392,0.5,0.015,0,16,P2ry12,
0,5.438591549,0.784,0.026,0,16,Pf4,
0,5.333490574,0.66,0.024,0,16,Gpr34,
0,5.308067369,0.896,0.048,0,16,Trem2,
0,3.247761958,0.798,0.157,0,17,Dlg2,Dlg2+ Olfactory Sensory Neurons
0,3.194380217,0.36,0.046,0,17,Hectd2os,
0,3.115488864,1,0.507,0,17,S100a5,
0,2.980723582,0.997,0.362,0,17,Pcp4l1,
0,2.972569387,0.256,0.04,0,17,Nphs1,
0,9.652268494,0.342,0.001,0,18,Gp2,Gp2+Lyz2+ Goblet/Secretory Cells
0,6.614062293,1,0.073,0,18,Reg3g,
0,5.832109342,0.899,0.049,0,18,Serpinb11,
0,5.807217684,0.745,0.021,0,18,Gabrp,
0,5.726910834,0.743,0.022,0,18,Kcnj16,
0,7.598577854,0.566,0.004,0,19,Tac1,Cxcl17+Ccl9+ Serous Cells
0,5.89671893,1,0.092,0,19,Wfdc18,
0,5.857414217,0.578,0.013,0,19,Barx2,
0,5.605759324,0.795,0.027,0,19,Cited4,
0,5.359815044,0.254,0.033,0,19,Lcn11,
0,9.554592708,0.505,0.001,0,20,Kl,Lyz2+Cpxm2+ Ionocytes
0,9.465355156,0.912,0.005,0,20,Smbd1,
0,9.425825031,0.752,0.002,0,20,Clcnka,
0,9.406255521,0.911,0.006,0,20,Ascl3,
0,9.325454619,0.892,0.005,0,20,Galnt13,
0,8.761514407,0.286,0.001,0,21,Rag1,B Cell Progenitors/Immature B Cells
0,6.375982105,0.933,0.04,0,21,Vpreb3,
0,6.290712067,0.521,0.016,0,21,Iglc1,
0,6.206636745,0.414,0.012,0,21,Fam129c,
0,5.545556474,0.561,0.022,0,21,Spib,
0,9.139343112,0.565,0.003,0,22,Neurod1,Neural Progenitors
0,8.391948491,0.301,0.001,0,22,Neurog1,
0,8.199179507,0.528,0.003,0,22,Grp,
0,7.132019049,0.305,0.003,0,22,St18,
0,6.985597098,0.524,0.009,0,22,Scg2,
0,10.51108185,0.889,0.008,0,23,Chil6,Pparg+Muc5b+ Goblet/Secretory Cells
0,10.07461055,0.32,0.002,0,23,Slc22a20,
0,8.04363212,0.974,0.03,0,23,Vmo1,
0,7.817636264,0.575,0.004,0,23,Ggt1,
0,7.601480529,0.764,0.011,0,23,C2cd4b,
0,11.2073189,0.268,0,0,24,Map3k7cl,Mural Cells (Smooth Muscle/Pericyte)
0,11.0882657,0.477,0.001,0,24,Higd1b,
0,10.32746791,0.415,0.001,0,24,Pln,
0,10.22643037,0.8,0.004,0,24,Myh11,
0,10.18930244,0.338,0.001,0,24,Des,
0,9.464079402,1,0.024,0,25,Retnlg,Camp+Il1b+ Immature Neutrophils
0,7.819928139,0.934,0.015,0,25,Mmp8,
0,6.790029189,0.381,0.004,0,25,Ceacam10,
0,6.684475068,0.446,0.006,0,25,Fpr1,
0,6.615132336,0.29,0.004,0,25,9830107B12Rik,
0,9.313862999,0.957,0.008,0,26,Muc2,Sustentacular Cells
0,8.319545035,0.863,0.005,0,26,Gldn,
0,8.286892129,1,0.044,0,26,Sec14l3,
0,7.844966834,0.619,0.004,0,26,Nipal1,
0,7.786894478,0.285,0.001,0,26,Slc5a11,
0,10.56526282,0.797,0.032,0,27,Bpifa1,Ciliated Cells
0,9.231597773,0.367,0.002,0,27,Tmem212,
0,9.227347074,0.311,0.001,0,27,Dthd1,
0,8.992434329,0.339,0.002,0,27,Sntn,
0,8.964250799,0.268,0.001,0,27,Fam216b,
0,14.74892408,0.997,0.002,0,28,Bpifb9a,Glandular Cells
0,14.14841566,0.996,0.004,0,28,Bpifb9b,
0,13.98845728,0.965,0.001,0,28,Bpifb5,
0,13.36050716,0.986,0.002,0,28,2310003L06Rik,
0,13.2658336,0.891,0.001,0,28,Odam,
0,9.174733574,0.327,0.006,0,29,Mpz,Stromal Cells
0,9.001982716,0.269,0.001,0,29,Gpr37l1,
0,8.823315488,0.269,0.001,0,29,Hmx3,
0,8.714900528,0.284,0.012,0,29,Fabp7,
0,8.621789657,0.328,0.002,0,29,Il25,
0,9.931051543,0.68,0.003,0,30,Fcnb,Camp++Lta4h+ Immature Neutrophils
0,8.783314634,0.512,0.002,0,30,Orm1,
0,8.555658875,0.974,0.018,0,30,Camp,
0,7.85832214,0.974,0.023,0,30,Ngp,
0,7.781448275,0.35,0.002,0,30,4930438A08Rik,
0,12.34333786,0.94,0.004,0,31,Car6,Scgb-b27+Cck+ Nasal Epithelial Cells
0,11.62632224,0.981,0.007,0,31,Scgb2b27,
0,11.52690043,0.892,0.005,0,31,Scgb1b27,
0,10.84891651,0.375,0.001,0,31,Csn3,
0,9.344473821,0.787,0.006,0,31,Fbp1,
0,6.789219894,0.624,0.013,0,32,Hist1h1a,Cycling Cells
0,6.560945307,0.851,0.03,0,32,Hist1h1b,
0,6.274216607,0.568,0.01,0,32,Hist1h2ab,
0,6.221783931,0.704,0.013,0,32,Hist1h3c,
0,6.204289676,0.402,0.007,0,32,Hist1h2bm,
0,13.32039973,0.82,0.007,0,33,Bglap,Bglap+ Osteoblasts
0,12.94978481,0.822,0.003,0,33,Bglap2,
0,11.92457045,0.721,0.003,0,33,Ibsp,
0,11.77404952,0.458,0,0,33,Col22a1,
0,11.52074464,0.504,0.001,0,33,Car3,
0,4.652708087,0.488,0.019,0,34,5430402E10Rik,OBP-Related Cells
0,3.994705511,0.846,0.127,0,34,Obp1b,
0,3.90149577,0.558,0.033,0,34,Mup4,
0,3.8558689,0.992,0.199,0,34,Obp1a,
0,2.845305857,0.574,0.033,0,34,Lcn11,
0,9.005231697,0.465,0.004,0,35,Ccr9,Plasmacytoid Dendritic Cells
0,8.684904981,0.402,0.001,0,35,Cd300c,
0,8.682311445,0.456,0.003,0,35,Cox6a2,
0,8.023427034,0.549,0.012,0,35,Siglech,
0,6.796193539,0.25,0.003,0,35,Cd209d,
0,11.3435631,0.587,0,0,36,Dnase2b,Dapl1+Pglyrp1+ Endothelial Cells
0,8.358384395,0.909,0.008,0,36,Paqr5,
0,7.578777527,0.999,0.055,0,36,Mal,
0,7.513313335,0.619,0.005,0,36,Mfsd2a,
0,7.352064005,0.986,0.023,0,36,Abcb1a,
0,11.2273128,0.548,0.001,0,37,Pvalb,Vomeronasal Neurons
0,10.95018385,0.391,0,0,37,Ancv1r,
0,10.80507342,0.791,0.001,0,37,Ankrd63,
0,10.70449134,0.621,0.001,0,37,Cacng2,
0,9.836481536,0.887,0.002,0,37,Calr4,
0,14.85799368,1,0.004,0,38,Bpifb6,Gpx6+Ces1a+ Goblet/Secretory Cells
0,14.61317083,0.877,0.001,0,38,Ces1a,
0,12.20939402,1,0.012,0,38,Bpifb4,
0,12.03405903,1,0.006,0,38,Ptgds,
0,11.40070361,1,0.008,0,38,5430419D17Rik,
0,15.93797398,0.265,0,0,39,Lce3a,Krt13+Il1a+ Epithelial Cells
0,15.71755045,0.381,0,0,39,Crct1,
0,15.7011005,0.508,0,0,39,Clca4a,
0,15.00683708,0.979,0.001,0,39,Csta1,
0,14.63415026,0.925,0.001,0,39,Cysrt1,
0,11.3772063,0.805,0.001,0,40,Fezf2,Meg3+MHC-II+ Epithelial Cells
0,9.929408736,0.403,0.001,0,40,Ctf2,
0,9.781014827,0.584,0.001,0,40,Otop1,
0,9.543784661,0.377,0.001,0,40,Gulo,
0,9.240061162,0.251,0,0,40,Epp13,
